review_id,vehicle,review
1,Toyota Camry,The engine is smooth and the ride is comfortable.
2,Tesla Model 3,The battery range is excellent but charging takes too long.
3,Honda City,The mileage is impressive and the seats are comfortable.
4,BMW 3 Series,The handling is excellent but the interior feels outdated.
5,Hyundai Creta,The infotainment system is responsive and easy to use.
6,Kia Seltos,The exterior design looks great but the interior plastics feel cheap.
7,Maruti Suzuki Swift,The car is affordable and mileage is very good.
8,Volkswagen Taigun,The engine delivers strong performance but fuel economy is poor.
9,Tata Nexon EV,The battery range is good and charging is reasonably fast.
10,Mahindra XUV700,The safety features are excellent and the seats are comfortable.
11,MG Hector,The service experience was disappointing and expensive.
12,Audi A4,The interior is premium and the infotainment system is excellent.
13,Skoda Slavia,The gearbox is smooth but the suspension is too stiff.
14,Toyota Innova,The vehicle is reliable and extremely comfortable for long journeys.
15,Tata Punch,The exterior looks attractive but the engine feels underpowered.
16,Hyundai i20,The seats are comfortable and the cabin is spacious.
17,Honda Elevate,The price is reasonable but the infotainment system is disappointing.
18,BMW X5,The performance is excellent and the handling is impressive.
19,Tesla Model Y,The charging network is convenient but the battery range is disappointing.
20,Kia EV6,The electric performance is excellent and the interior is comfortable.
21,Maruti Baleno,The mileage is excellent but the safety rating concerns me.
22,Mercedes C-Class,The design is beautiful and the interior is luxurious.
23,Renault Kwid,The price is low but the build quality is poor.
24,Jeep Compass,The engine is powerful but the service costs are high.
25,Tata Harrier,The ride quality is comfortable and the exterior design is bold.
26,Hyundai Verna,The performance is excellent but the seats are uncomfortable.
27,Nissan Magnite,The price is attractive and the exterior looks good.
28,Volkswagen Virtus,"The engine is refined, but the infotainment system occasionally freezes."
29,Mahindra Thar,The exterior design is excellent but the ride is uncomfortable.
30,Toyota Fortuner,"The vehicle is reliable, powerful and comfortable."
